{
  "experiment": "exp_length",
  "config": {
    "model_id": "Qwen/Qwen2.5-3B-Instruct",
    "n_pref": 2000,
    "phase_a_steps": 200,
    "phase_b_updates": 200,
    "bs": 4,
    "lr_a": 1e-05,
    "lr_b": 2e-05,
    "delta": 1.0,
    "lora_r": 16,
    "natural_sigma_rate": 0.789
  },
  "verify_a_after_phase_a": {
    "p_value": 1.2046773023122144e-06,
    "median_margin": 3.7626953125
  },
  "verify_a_per_step": [
    {
      "step": 49,
      "p_value": 8.274028676815152e-10,
      "median_margin": 2.35186767578125
    },
    {
      "step": 99,
      "p_value": 4.5319976250299147e-10,
      "median_margin": 2.728515625
    },
    {
      "step": 149,
      "p_value": 4.53098231338655e-10,
      "median_margin": 3.123046875
    },
    {
      "step": 199,
      "p_value": 4.533013140804934e-10,
      "median_margin": 3.07763671875
    }
  ],
  "verify_a_final": {
    "p_value": 4.533013140804934e-10,
    "median_margin": 3.07763671875,
    "K": 50,
    "margins": [
      2.91796875,
      2.5634765625,
      2.8798828125,
      4.2265625,
      3.421875,
      4.1015625,
      3.5,
      3.25,
      4.1875,
      3.4453125,
      -0.19140625,
      1.73046875,
      0.42724609375,
      3.8359375,
      4.078125,
      1.7421875,
      2.52734375,
      1.96484375,
      0.689453125,
      3.34375,
      2.482421875,
      4.1796875,
      3.26953125,
      3.1328125,
      0.888671875,
      3.1064453125,
      4.953125,
      2.83984375,
      1.3203125,
      0.578125,
      4.734375,
      3.048828125,
      4.1640625,
      2.5,
      4.15625,
      3.90625,
      1.3984375,
      3.8828125,
      -0.28125,
      3.53125,
      0.578125,
      2.736328125,
      2.6171875,
      0.953125,
      2.8359375,
      4.0546875,
      2.5234375,
      5.71875,
      4.65625,
      3.203125
    ]
  },
  "verdict": "PASS",
  "timing_min": {
    "phase_a": 5.306972356637319,
    "phase_b": 5.565369542439779
  }
}